{"98d520f4":[125.40625,0.16880057289322248,2.6592087745666504,7.078125],"9c045eef":[262.85546875,0.27657676259871405,2.5836434364318848,9.19921875],"22df71f3":[161.11328125,0.24114424110959984,2.595090627670288,7.87109375],"6e675923":[63.82421875,0.4053654090598334,2.352287530899048,4.68359375],"2c20b079":[337.96875,0.08553540224455003,2.683013439178467,13.109375],"fa18572a":[202.4375,0.22784593552207114,2.631852865219116,8.4765625],"50326a7d":[96.3984375,0.34765532104640506,2.4566829204559326,6.140625],"3f80a28e":[120.8125,0.344341045508767,2.5502922534942627,6.25],"3d85e40a":[59.2265625,0.3219542089251801,2.517037868499756,4.5546875],"e4baf865":[607.8828125,0.18993435787985244,2.620382785797119,15.3046875],"38bdd779":[142.23046875,0.16032472270683057,2.6468513011932373,8.37109375],"e4d6a1c1":[157.0546875,0.20278123377242005,2.6556813716888428,7.4609375],"d642ce6b":[198.015625,0.22904628868416546,2.608912706375122,8.3359375],"143ccd7c":[62.94140625,0.26940768505218593,2.596149206161499,4.98828125],"63d22b25":[226.93359375,0.21557560071958448,2.632141590118408,8.42578125],"1b987d02":[89.91796875,0.3202010157048832,2.356015682220459,5.60546875],"f8e05ce9":[1119.22265625,0.11937619624789782,2.6791977882385254,20.62890625],"dc855f00":[2011.79296875,0.056026911468266646,2.6968350410461426,31.01953125],"c93b0a91":[18.5078125,0.36329149708805486,2.5311672687530518,2.7265625],"9061347b":[73.3359375,0.2806820744298616,2.564690589904785,5.4140625],"456e09fe":[306.07421875,0.27106210863485736,2.509782314300537,10.57421875],"1a63d7d0":[697.54296875,0.06062997474270338,2.6980106830596924,18.05078125],"c11e9e13":[136.88671875,0.27161050993988867,2.535296678543091,7.60546875],"8bfc7306":[821.69140625,0.1492742283120586,2.6653761863708496,18.45703125],"678bad0e":[26.38671875,0.43194925975346826,2.3184330463409424,3.12890625],"b5732470":[135.796875,0.31412066597695454,2.457409620285034,7.09375],"fc89b289":[373.99609375,0.24836667510718208,2.6158502101898193,9.83203125],"a1cf7b45":[175.59375,0.15598612665438666,2.6121280193328857,9.3984375],"16b07804":[59.28515625,0.16854363037625184,2.640683650970459,5.48046875],"1c0864ef":[66.3828125,0.24380950391889114,2.5847973823547363,4.9140625],"405b300e":[46.1796875,0.2930929052772501,2.544677734375,4.6953125],"1aa25800":[95.63671875,0.19683928841743054,2.6653759479522705,6.80078125],"cb02e02e":[68.1640625,0.2393365305037432,2.5936264991760254,5.625],"ebe68197":[120.85546875,0.1524906180932761,2.6200950145721436,7.76953125],"b06684b0":[1122.73046875,0.04127087286330897,2.7062416076660156,24.63671875],"c5ac700b":[779.54296875,0.3023152239652706,2.3613553047180176,17.89453125],"28b245da":[189.21875,0.14725890710680709,2.648026943206787,8.828125],"8df53f3f":[283.2109375,0.1303460112215167,2.6791977882385254,11.828125],"ce55aa82":[38.12109375,0.31603424791054285,2.5436196327209473,3.84765625],"be288847":[103.76171875,0.22542679296402604,2.594036102294922,6.77734375],"f190bd44":[1942.25,0.16587732199609634,2.625396728515625,30.09375],"2c8ca271":[452.7734375,0.23903589382039228,2.5263161659240723,12.8671875],"5078b13b":[133.11328125,0.4962391915695251,2.0055088996887207,6.04296875],"c04d0ad5":[212.0546875,0.1269170873392332,2.672430992126465,10.046875],"1b7a4f4f":[144.9375,0.36790308551168455,2.5008819103240967,6.6875],"78a0b703":[241.24609375,0.31095308411627215,2.445744514465332,8.98828125],"b6c65177":[79.3046875,0.18582767247087703,2.6536178588867188,6.46875],"6f2ff049":[326.078125,0.1595230162391559,2.660384178161621,10.828125],"7ec2059a":[59.265625,0.3616083729155022,2.2775285243988037,4.5703125],"32541760":[87.828125,0.2657156140685456,2.559504508972168,5.9609375],"455e3375":[18.265625,0.46278234708067095,2.4314355850219727,2.4609375],"92feed7a":[166.7890625,0.26980232723343334,2.591275215148926,7.921875],"0fac9f39":[221.0234375,0.16101667722587415,2.640660524368286,9.8203125],"e1e37ffa":[216.2578125,0.13784680272686117,2.654505729675293,9.171875],"b06fc107":[52.91796875,0.3512936229482363,2.555112361907959,4.33984375],"cb3fd46f":[86.8046875,0.20127371932307092,2.616450071334839,6.6015625],"ba951775":[97.2265625,0.3824522782683787,2.315380096435547,5.1484375],"22deb2d1":[108.5078125,0.1833749963165582,2.6433236598968506,6.8203125],"dfc32f87":[125.65625,0.3461917968063699,2.4845564365386963,6.1953125],"b2afe867":[16.3671875,0.45663385482535834,2.464433193206787,2.3203125],"9d1762f4":[41.765625,0.345948542317621,2.5219011306762695,3.8984375],"60d6ff7f":[155.82421875,0.16820638402184374,2.618319511413574,8.59765625],"a67c97cb":[297.66015625,0.15051540623234566,2.6284468173980713,11.70703125],"24af6fe8":[31.109375,0.3129227035125363,2.5735206604003906,3.6796875],"42a0817c":[320.7421875,0.1479336855349515,2.6697912216186523,10.84375],"7d40ac19":[27.6796875,0.30797423341377395,2.581580877304077,3.4296875],"863abc11":[382.7578125,0.3017677102245683,2.508657217025757,11.515625],"51b714cd":[211.76953125,0.26659945754286807,2.551299571990967,8.80078125],"55fd5e2c":[954.89453125,0.24803546935259704,2.547315835952759,19.60546875],"9ac0bab5":[305.68359375,0.238226846622143,2.580115795135498,11.41015625],"4141d056":[429.76953125,0.10512429847567145,2.681549310684204,14.11328125],"85e1a243":[361.515625,0.07220292230873634,2.6783101558685303,13.5],"7ba5f858":[137.66796875,0.1810351230388807,2.6562576293945312,7.93359375],"b1ab4cf2":[69.72265625,0.2439055834053907,2.5986416339874268,5.36328125],"faab7c52":[879.08203125,0.09376580221279943,2.672142744064331,18.97265625],"b639aa38":[263.6640625,0.1862405402651298,2.660672664642334,9.6796875],"0000d815":[693.984375,0.1398251108147545,2.6559691429138184,15.828125],"0a72de27":[65.75390625,0.22496027529181506,2.6176259517669678,5.48828125],"0f4c033c":[54.98828125,0.17609665415349043,2.6580328941345215,5.44921875],"02f40c87":[94.1640625,0.11989602924324763,2.6768460273742676,7.6171875],"6ec339aa":[45.734375,0.5071214645581246,2.1700305938720703,3.09375],"02d76ebe":[855.55078125,0.11562991494935049,2.657315731048584,20.15234375],"e7e27ac7":[394.2265625,0.14209224105695434,2.6603844165802,12.9296875],"237e4d1d":[472.25390625,0.21169534953823532,2.5818216800689697,13.04296875],"4fdfeb59":[4505.7734375,0.2091048397929909,2.541435480117798,45.4609375],"9befd2bc":[89.38671875,0.1527536062697798,2.6489145755767822,6.85546875],"e757e90a":[37.5390625,0.30977709593945457,2.5151119232177734,3.984375],"39fab9fc":[150.51171875,0.1021395630490872,2.6709671020507812,8.80859375],"02dbfab4":[194.4609375,0.266398653391418,2.513611316680908,8.5],"69256a39":[724.82421875,0.09678949246046607,2.693307399749756,17.64453125],"56193f85":[88.6796875,0.21205834618408045,2.610809326171875,6.1875],"ce7c0da3":[103.4921875,0.2326339533416548,2.6371562480926514,5.8828125],"7a35c728":[171.40625,0.3679194714035302,2.4394166469573975,6.640625],"0c42c9cd":[616.88671875,0.20600113973791906,2.601569890975952,12.80859375],"7ca01fa8":[111.2421875,0.2547697454563453,2.5715749263763428,5.9375],"61700a4f":[38.7734375,0.20340573364863612,2.6397957801818848,4.7265625],"77458f33":[57.265625,0.26617762623714514,2.5959789752960205,5.0625],"0c6c3b0a":[68.7890625,0.3544647798464631,2.375866174697876,5.1796875],"44d586e7":[139.20703125,0.1094155190230328,2.6747827529907227,8.95703125],"8e7c3790":[472.8984375,0.12713588244881127,2.636845111846924,11.046875],"98dd8237":[117.2265625,0.35633158652655017,2.41896915435791,6.2265625]}